{
  "crop": [
    0,
    0,
    0,
    0
  ],
  "done": {
    "condition": "all",
    "variables": {
      "time_MIN": {
        "op": "equal",
        "reference": 0
      },
      "time_SEC": {
        "op": "equal",
        "reference": -1
      }
    }
  },
  "reward": {
    "variables": {
      "Penalty": {
        "reward": -10000.0
      },
      "Goals_Against": {
        "reward": -10000.0
      },
      "Goals_For": {
        "reward": 10000.0
      },
      "Shoot_Against": {
        "reward": -100.0
      },
      "Shoot_For": {
        "reward": 100.0
      },
      "Throw_in": {
        "reward": -100.0
      },
      "Corners": {
        "reward": -100.0
      },
      "Free_Kick": {
        "reward": -100.0
      },
      "Yellow_Card": {
        "reward": -100.0
      }
    }
  },
  "actions": [
    [[], ["UP"], ["DOWN"]],
    [[], ["LEFT"], ["RIGHT"]],
    [[], ["A"], ["B"], ["C"], ["X"], ["Y"], ["Z"], ["A", "B"], ["B", "C"], ["A", "X"], ["B", "Y"], ["C", "Z"], ["X", "Y"], ["Y", "Z"], ["START"]]
  ]
}


